AFG	Afghanistan	Gross domestic product per capita, current prices	U.S. dollars	Units	528.181	2007
AFG	Afghanistan	Gross domestic product based on purchasing-power-parity (PPP) per capita GDP	Current international dollar	Units	912.228	2007
AFG	Afghanistan	Total investment	Percent of GDP		26.521	2011
AFG	Afghanistan	Gross national savings	Percent of GDP		30.398	2011
AFG	Afghanistan	General government gross debt	Percent of GDP			
ALB	Albania	Gross domestic product per capita, current prices	U.S. dollars	Units	3704.52	2008
ALB	Albania	Gross domestic product based on purchasing-power-parity (PPP) per capita GDP	Current international dollar	Units	7497.85	2008
ALB	Albania	Total investment	Percent of GDP		25.886	2008
ALB	Albania	Gross national savings	Percent of GDP		14.509	2008
ALB	Albania	General government gross debt	Percent of GDP		57.821	2011
DZA	Algeria	Gross domestic product per capita, current prices	U.S. dollars	Units	4572.87	2011
DZA	Algeria	Gross domestic product based on purchasing-power-parity (PPP) per capita GDP	Current international dollar	Units	7112.05	2011
DZA	Algeria	Total investment	Percent of GDP		41.428	2011
DZA	Algeria	Gross national savings	Percent of GDP		48.947	2011
DZA	Algeria	General government gross debt	Percent of GDP		10.935	2011
AGO	Angola	Gross domestic product per capita, current prices	U.S. dollars	Units	4328.51	2000
AGO	Angola	Gross domestic product based on purchasing-power-parity (PPP) per capita GDP	Current international dollar	Units	5748.94	2000
AGO	Angola	Total investment	Percent of GDP		12.668	2011
AGO	Angola	Gross national savings	Percent of GDP		21.692	2011
AGO	Angola	General government gross debt	Percent of GDP		37.628	2009
ATG	Antigua and Barbuda	Gross domestic product per capita, current prices	U.S. dollars	Units	12985.73	2009
ATG	Antigua and Barbuda	Gross domestic product based on purchasing-power-parity (PPP) per capita GDP	Current international dollar	Units	17681.39	2009
ATG	Antigua and Barbuda	Total investment	Percent of GDP		29.303	2010
ATG	Antigua and Barbuda	Gross national savings	Percent of GDP		16.194	2010
ATG	Antigua and Barbuda	General government gross debt	Percent of GDP		90.621	2011
ARG	Argentina	Gross domestic product per capita, current prices	U.S. dollars	Units	9162.3	2006
ARG	Argentina	Gross domestic product based on purchasing-power-parity (PPP) per capita GDP	Current international dollar	Units	16061.65	2006
ARG	Argentina	Total investment	Percent of GDP		24.451	2010
ARG	Argentina	Gross national savings	Percent of GDP		22.595	2010
ARG	Argentina	General government gross debt	Percent of GDP		49.178	2010
ARM	Armenia	Gross domestic product per capita, current prices	U.S. dollars	Units	2840.43	2011
ARM	Armenia	Gross domestic product based on purchasing-power-parity (PPP) per capita GDP	Current international dollar	Units	5099.94	2011
ARM	Armenia	Total investment	Percent of GDP		31.313	2011
ARM	Armenia	Gross national savings	Percent of GDP		16.66	2011
ARM	Armenia	General government gross debt	Percent of GDP		33.342	2011
AUS	Australia	Gross domestic product per capita, current prices	U.S. dollars	Units	56097.79	2011
AUS	Australia	Gross domestic product based on purchasing-power-parity (PPP) per capita GDP	Current international dollar	Units	39545.16	2011
AUS	Australia	Total investment	Percent of GDP		26.794	2011
AUS	Australia	Gross national savings	Percent of GDP		23.925	2011
AUS	Australia	General government gross debt	Percent of GDP		20.524	2011
AUT	Austria	Gross domestic product per capita, current prices	U.S. dollars	Units	45306.39	2011
AUT	Austria	Gross domestic product based on purchasing-power-parity (PPP) per capita GDP	Current international dollar	Units	39777.04	2011
AUT	Austria	Total investment	Percent of GDP		21.602	2011
AUT	Austria	Gross national savings	Percent of GDP		24.611	2011
AUT	Austria	General government gross debt	Percent of GDP		71.838	2011
AZE	Azerbaijan	Gross domestic product per capita, current prices	U.S. dollars	Units	5847.26	2009
AZE	Azerbaijan	Gross domestic product based on purchasing-power-parity (PPP) per capita GDP	Current international dollar	Units	10058.94	2009
AZE	Azerbaijan	Total investment	Percent of GDP		18.532	2011
AZE	Azerbaijan	Gross national savings	Percent of GDP		46.955	2011
AZE	Azerbaijan	General government gross debt	Percent of GDP		11.148	2011
BHS	The Bahamas	Gross domestic product per capita, current prices	U.S. dollars	Units	22556.32	2008
BHS	The Bahamas	Gross domestic product based on purchasing-power-parity (PPP) per capita GDP	Current international dollar	Units	29629.83	2008
BHS	The Bahamas	Total investment	Percent of GDP		24.64	2011
BHS	The Bahamas	Gross national savings	Percent of GDP		14.175	2011
BHS	The Bahamas	General government gross debt	Percent of GDP		45.458	2011
BHR	Bahrain	Gross domestic product per capita, current prices	U.S. dollars	Units	19420	2010
BHR	Bahrain	Gross domestic product based on purchasing-power-parity (PPP) per capita GDP	Current international dollar	Units	27129.38	2010
BHR	Bahrain	Total investment	Percent of GDP		30.965	2011
BHR	Bahrain	Gross national savings	Percent of GDP		34.544	2011
BHR	Bahrain	General government gross debt	Percent of GDP		35.57	2010
BGD	Bangladesh	Gross domestic product per capita, current prices	U.S. dollars	Units	723.105	2010
BGD	Bangladesh	Gross domestic product based on purchasing-power-parity (PPP) per capita GDP	Current international dollar	Units	1774.11	2010
BGD	Bangladesh	Total investment	Percent of GDP		24.808	2011
BGD	Bangladesh	Gross national savings	Percent of GDP		29.356	2011
BGD	Bangladesh	General government gross debt	Percent of GDP			
BRB	Barbados	Gross domestic product per capita, current prices	U.S. dollars	Units	15348.29	2010
BRB	Barbados	Gross domestic product based on purchasing-power-parity (PPP) per capita GDP	Current international dollar	Units	24391.56	2010
BRB	Barbados	Total investment	Percent of GDP		14.161	2011
BRB	Barbados	Gross national savings	Percent of GDP		5.919	2011
BRB	Barbados	General government gross debt	Percent of GDP		72.622	2011
BLR	Belarus	Gross domestic product per capita, current prices	U.S. dollars	Units	5824.38	2010
BLR	Belarus	Gross domestic product based on purchasing-power-parity (PPP) per capita GDP	Current international dollar	Units	13897.84	2010
BLR	Belarus	Total investment	Percent of GDP		42.345	2010
BLR	Belarus	Gross national savings	Percent of GDP		27.355	2010
BLR	Belarus	General government gross debt	Percent of GDP		42.039	2011
BEL	Belgium	Gross domestic product per capita, current prices	U.S. dollars	Units	43592.6	2011
BEL	Belgium	Gross domestic product based on purchasing-power-parity (PPP) per capita GDP	Current international dollar	Units	36716.97	2011
BEL	Belgium	Total investment	Percent of GDP		20.566	2011
BEL	Belgium	Gross national savings	Percent of GDP		21.971	2011
BEL	Belgium	General government gross debt	Percent of GDP		95.557	2011
BLZ	Belize	Gross domestic product per capita, current prices	U.S. dollars	Units	4226.24	2010
BLZ	Belize	Gross domestic product based on purchasing-power-parity (PPP) per capita GDP	Current international dollar	Units	8069.44	2010
BLZ	Belize	Total investment	Percent of GDP		18	2011
BLZ	Belize	Gross national savings	Percent of GDP		15.142	2011
BLZ	Belize	General government gross debt	Percent of GDP		84.569	2011
BEN	Benin	Gross domestic product per capita, current prices	U.S. dollars	Units	740.994	2010
BEN	Benin	Gross domestic product based on purchasing-power-parity (PPP) per capita GDP	Current international dollar	Units	1575.7	2010
BEN	Benin	Total investment	Percent of GDP		17.6	2010
BEN	Benin	Gross national savings	Percent of GDP		10.303	2010
BEN	Benin	General government gross debt	Percent of GDP		30.029	2010
BTN	Bhutan	Gross domestic product per capita, current prices	U.S. dollars	Units	1940.4	0
BTN	Bhutan	Gross domestic product based on purchasing-power-parity (PPP) per capita GDP	Current international dollar	Units	5520.69	0
BTN	Bhutan	Total investment	Percent of GDP		52.255	0
BTN	Bhutan	Gross national savings	Percent of GDP		33.683	0
BTN	Bhutan	General government gross debt	Percent of GDP		54.403	2009
BOL	Bolivia	Gross domestic product per capita, current prices	U.S. dollars	Units	1900	1981
BOL	Bolivia	Gross domestic product based on purchasing-power-parity (PPP) per capita GDP	Current international dollar	Units	4548.81	1981
BOL	Bolivia	Total investment	Percent of GDP		17.007	2009
BOL	Bolivia	Gross national savings	Percent of GDP		24.987	2009
BOL	Bolivia	General government gross debt	Percent of GDP		38.543	2009
BIH	Bosnia and Herzegovina	Gross domestic product per capita, current prices	U.S. dollars	Units	4271.86	2010
BIH	Bosnia and Herzegovina	Gross domestic product based on purchasing-power-parity (PPP) per capita GDP	Current international dollar	Units	7832.8	2010
BIH	Bosnia and Herzegovina	Total investment	Percent of GDP		19.388	2010
BIH	Bosnia and Herzegovina	Gross national savings	Percent of GDP		13.655	2010
BIH	Bosnia and Herzegovina	General government gross debt	Percent of GDP		39.428	2010
BWA	Botswana	Gross domestic product per capita, current prices	U.S. dollars	Units	8142.8	2008
BWA	Botswana	Gross domestic product based on purchasing-power-parity (PPP) per capita GDP	Current international dollar	Units	15183.79	2008
BWA	Botswana	Total investment	Percent of GDP		29.481	2010
BWA	Botswana	Gross national savings	Percent of GDP		27.939	2010
BWA	Botswana	General government gross debt	Percent of GDP		17.563	2009
BRA	Brazil	Gross domestic product per capita, current prices	U.S. dollars	Units	11088.73	2010
BRA	Brazil	Gross domestic product based on purchasing-power-parity (PPP) per capita GDP	Current international dollar	Units	11314.41	2010
BRA	Brazil	Total investment	Percent of GDP		20.239	2011
BRA	Brazil	Gross national savings	Percent of GDP		18.033	2011
BRA	Brazil	General government gross debt	Percent of GDP		65.154	2011
BRN	Brunei Darussalam	Gross domestic product per capita, current prices	U.S. dollars	Units	29851.81	2010
BRN	Brunei Darussalam	Gross domestic product based on purchasing-power-parity (PPP) per capita GDP	Current international dollar	Units	48621.83	2010
BRN	Brunei Darussalam	Total investment	Percent of GDP		15.878	2011
BRN	Brunei Darussalam	Gross national savings	Percent of GDP			
BRN	Brunei Darussalam	General government gross debt	Percent of GDP		0	2011
BGR	Bulgaria	Gross domestic product per capita, current prices	U.S. dollars	Units	6374.12	2011
BGR	Bulgaria	Gross domestic product based on purchasing-power-parity (PPP) per capita GDP	Current international dollar	Units	12965.22	2011
BGR	Bulgaria	Total investment	Percent of GDP		22.887	2011
BGR	Bulgaria	Gross national savings	Percent of GDP		21.844	2011
BGR	Bulgaria	General government gross debt	Percent of GDP		14.937	2011
BFA	Burkina Faso	Gross domestic product per capita, current prices	U.S. dollars	Units	544.403	2010
BFA	Burkina Faso	Gross domestic product based on purchasing-power-parity (PPP) per capita GDP	Current international dollar	Units	1261.22	2010
BFA	Burkina Faso	Total investment	Percent of GDP		18.345	2010
BFA	Burkina Faso	Gross national savings	Percent of GDP		16.018	2010
BFA	Burkina Faso	General government gross debt	Percent of GDP		27.115	2010
BDI	Burundi	Gross domestic product per capita, current prices	U.S. dollars	Units	242.21	0
BDI	Burundi	Gross domestic product based on purchasing-power-parity (PPP) per capita GDP	Current international dollar	Units	582.152	0
BDI	Burundi	Total investment	Percent of GDP		19.92	2009
BDI	Burundi	Gross national savings	Percent of GDP		10.111	2009
BDI	Burundi	General government gross debt	Percent of GDP		36.732	2009
KHM	Cambodia	Gross domestic product per capita, current prices	U.S. dollars	Units	752.677	2008
KHM	Cambodia	Gross domestic product based on purchasing-power-parity (PPP) per capita GDP	Current international dollar	Units	2068.02	2008
KHM	Cambodia	Total investment	Percent of GDP		17.348	2011
KHM	Cambodia	Gross national savings	Percent of GDP		13.431	2011
KHM	Cambodia	General government gross debt	Percent of GDP		29.059	2011
CMR	Cameroon	Gross domestic product per capita, current prices	U.S. dollars	Units	1100.09	2010
CMR	Cameroon	Gross domestic product based on purchasing-power-parity (PPP) per capita GDP	Current international dollar	Units	2176.01	2010
CMR	Cameroon	Total investment	Percent of GDP		16.12	2010
CMR	Cameroon	Gross national savings	Percent of GDP		13.108	2010
CMR	Cameroon	General government gross debt	Percent of GDP		12.142	2010
CAN	Canada	Gross domestic product per capita, current prices	U.S. dollars	Units	46282.86	2011
CAN	Canada	Gross domestic product based on purchasing-power-parity (PPP) per capita GDP	Current international dollar	Units	39154.66	2011
CAN	Canada	Total investment	Percent of GDP		22.204	2011
CAN	Canada	Gross national savings	Percent of GDP		19.074	2011
CAN	Canada	General government gross debt	Percent of GDP		85.061	2011
CPV	Cape Verde	Gross domestic product per capita, current prices	U.S. dollars	Units	3242.19	2007
CPV	Cape Verde	Gross domestic product based on purchasing-power-parity (PPP) per capita GDP	Current international dollar	Units	3730.33	2007
CPV	Cape Verde	Total investment	Percent of GDP		37.804	2008
CPV	Cape Verde	Gross national savings	Percent of GDP		25.337	2008
CPV	Cape Verde	General government gross debt	Percent of GDP		74.958	2011
CAF	Central African Republic	Gross domestic product per capita, current prices	U.S. dollars	Units	429.122	2004
CAF	Central African Republic	Gross domestic product based on purchasing-power-parity (PPP) per capita GDP	Current international dollar	Units	744.723	2004
CAF	Central African Republic	Total investment	Percent of GDP		14.275	2010
CAF	Central African Republic	Gross national savings	Percent of GDP		4.079	2010
CAF	Central African Republic	General government gross debt	Percent of GDP		39.8	2011
TCD	Chad	Gross domestic product per capita, current prices	U.S. dollars	Units	836.93	2004
TCD	Chad	Gross domestic product based on purchasing-power-parity (PPP) per capita GDP	Current international dollar	Units	1841.12	2004
TCD	Chad	Total investment	Percent of GDP		42.416	2010
TCD	Chad	Gross national savings	Percent of GDP		38.905	2010
TCD	Chad	General government gross debt	Percent of GDP		25.785	2010
CHL	Chile	Gross domestic product per capita, current prices	U.S. dollars	Units	12640.29	2009
CHL	Chile	Gross domestic product based on purchasing-power-parity (PPP) per capita GDP	Current international dollar	Units	16192.75	2009
CHL	Chile	Total investment	Percent of GDP		23.549	2011
CHL	Chile	Gross national savings	Percent of GDP		25.04	2011
CHL	Chile	General government gross debt	Percent of GDP		8.648	2011
CHN	China	Gross domestic product per capita, current prices	U.S. dollars	Units	4422.66	2011
CHN	China	Gross domestic product based on purchasing-power-parity (PPP) per capita GDP	Current international dollar	Units	7553.38	2011
CHN	China	Total investment	Percent of GDP		48.219	2011
CHN	China	Gross national savings	Percent of GDP		52.225	2011
CHN	China	General government gross debt	Percent of GDP		33.538	2011
COL	Colombia	Gross domestic product per capita, current prices	U.S. dollars	Units	6259.46	2009
COL	Colombia	Gross domestic product based on purchasing-power-parity (PPP) per capita GDP	Current international dollar	Units	9585.3	2009
COL	Colombia	Total investment	Percent of GDP		22.047	2009
COL	Colombia	Gross national savings	Percent of GDP		18.973	2009
COL	Colombia	General government gross debt	Percent of GDP		36.358	2009
COM	Comoros	Gross domestic product per capita, current prices	U.S. dollars	Units	817.608	2003
COM	Comoros	Gross domestic product based on purchasing-power-parity (PPP) per capita GDP	Current international dollar	Units	1204.44	2003
COM	Comoros	Total investment	Percent of GDP		15.405	2010
COM	Comoros	Gross national savings	Percent of GDP		8.412	2010
COM	Comoros	General government gross debt	Percent of GDP		49.202	2010
COD	Democratic Republic of the Congo	Gross domestic product per capita, current prices	U.S. dollars	Units	186.263	1983
COD	Democratic Republic of the Congo	Gross domestic product based on purchasing-power-parity (PPP) per capita GDP	Current international dollar	Units	328.865	1983
COD	Democratic Republic of the Congo	Total investment	Percent of GDP		23.519	2011
COD	Democratic Republic of the Congo	Gross national savings	Percent of GDP		15.437	2011
COD	Democratic Republic of the Congo	General government gross debt	Percent of GDP		35.143	2011
COG	Republic of Congo	Gross domestic product per capita, current prices	U.S. dollars	Units	3112.87	2004
COG	Republic of Congo	Gross domestic product based on purchasing-power-parity (PPP) per capita GDP	Current international dollar	Units	4426.16	2004
COG	Republic of Congo	Total investment	Percent of GDP		20.473	2009
COG	Republic of Congo	Gross national savings	Percent of GDP		25.531	2009
COG	Republic of Congo	General government gross debt	Percent of GDP		23.865	2010
CRI	Costa Rica	Gross domestic product per capita, current prices	U.S. dollars	Units	7938.81	2010
CRI	Costa Rica	Gross domestic product based on purchasing-power-parity (PPP) per capita GDP	Current international dollar	Units	11336.5	2010
CRI	Costa Rica	Total investment	Percent of GDP		20.093	2010
CRI	Costa Rica	Gross national savings	Percent of GDP		16.556	2010
CRI	Costa Rica	General government gross debt	Percent of GDP		29.207	2010
CIV	Cﾙte d'Ivoire	Gross domestic product per capita, current prices	U.S. dollars	Units	1042.55	2009
CIV	Cﾙte d'Ivoire	Gross domestic product based on purchasing-power-parity (PPP) per capita GDP	Current international dollar	Units	1682.9	2009
CIV	Cﾙte d'Ivoire	Total investment	Percent of GDP		8.966	2011
CIV	Cﾙte d'Ivoire	Gross national savings	Percent of GDP		10.067	2011
CIV	Cﾙte d'Ivoire	General government gross debt	Percent of GDP		66.433	2011
HRV	Croatia	Gross domestic product per capita, current prices	U.S. dollars	Units	13449.16	2010
HRV	Croatia	Gross domestic product based on purchasing-power-parity (PPP) per capita GDP	Current international dollar	Units	17576.67	2010
HRV	Croatia	Total investment	Percent of GDP		22.664	2011
HRV	Croatia	Gross national savings	Percent of GDP		21.612	2011
HRV	Croatia	General government gross debt	Percent of GDP		42.207	2011
CYP	Cyprus	Gross domestic product per capita, current prices	U.S. dollars	Units	27387.29	2011
CYP	Cyprus	Gross domestic product based on purchasing-power-parity (PPP) per capita GDP	Current international dollar	Units	27526.21	2011
CYP	Cyprus	Total investment	Percent of GDP		19.66	2011
CYP	Cyprus	Gross national savings	Percent of GDP		9.784	2011
CYP	Cyprus	General government gross debt	Percent of GDP		61.456	2011
CZE	Czech Republic	Gross domestic product per capita, current prices	U.S. dollars	Units	18813.94	2010
CZE	Czech Republic	Gross domestic product based on purchasing-power-parity (PPP) per capita GDP	Current international dollar	Units	26121.9	2010
CZE	Czech Republic	Total investment	Percent of GDP		25.087	2011
CZE	Czech Republic	Gross national savings	Percent of GDP		21.242	2011
CZE	Czech Republic	General government gross debt	Percent of GDP		37.553	2011
DNK	Denmark	Gross domestic product per capita, current prices	U.S. dollars	Units	56369.2	2011
DNK	Denmark	Gross domestic product based on purchasing-power-parity (PPP) per capita GDP	Current international dollar	Units	36165.98	2011
DNK	Denmark	Total investment	Percent of GDP		17.163	2011
DNK	Denmark	Gross national savings	Percent of GDP		22.683	2011
DNK	Denmark	General government gross debt	Percent of GDP		42.904	2011
DJI	Djibouti	Gross domestic product per capita, current prices	U.S. dollars	Units	1369.52	1999
DJI	Djibouti	Gross domestic product based on purchasing-power-parity (PPP) per capita GDP	Current international dollar	Units	2537.06	1999
DJI	Djibouti	Total investment	Percent of GDP		20.755	1999
DJI	Djibouti	Gross national savings	Percent of GDP		14.908	1999
DJI	Djibouti	General government gross debt	Percent of GDP		56.143	2011
DMA	Dominica	Gross domestic product per capita, current prices	U.S. dollars	Units	6802.19	2011
DMA	Dominica	Gross domestic product based on purchasing-power-parity (PPP) per capita GDP	Current international dollar	Units	13890.92	2011
DMA	Dominica	Total investment	Percent of GDP		21.194	2011
DMA	Dominica	Gross national savings	Percent of GDP		5.191	2011
DMA	Dominica	General government gross debt	Percent of GDP		68.922	2011
DOM	Dominican Republic	Gross domestic product per capita, current prices	U.S. dollars	Units	5226.77	2004
DOM	Dominican Republic	Gross domestic product based on purchasing-power-parity (PPP) per capita GDP	Current international dollar	Units	8859.72	2004
DOM	Dominican Republic	Total investment	Percent of GDP		16.476	2011
DOM	Dominican Republic	Gross national savings	Percent of GDP		7.91	2011
DOM	Dominican Republic	General government gross debt	Percent of GDP		28.677	2011
ECU	Ecuador	Gross domestic product per capita, current prices	U.S. dollars	Units	3919.64	2010
ECU	Ecuador	Gross domestic product based on purchasing-power-parity (PPP) per capita GDP	Current international dollar	Units	7825.58	2010
ECU	Ecuador	Total investment	Percent of GDP		26.176	2011
ECU	Ecuador	Gross national savings	Percent of GDP		23.4	2011
ECU	Ecuador	General government gross debt	Percent of GDP		16.108	2011
EGY	Egypt	Gross domestic product per capita, current prices	U.S. dollars	Units	2775.92	2010
EGY	Egypt	Gross domestic product based on purchasing-power-parity (PPP) per capita GDP	Current international dollar	Units	6343.95	2010
EGY	Egypt	Total investment	Percent of GDP		19.501	2011
EGY	Egypt	Gross national savings	Percent of GDP		17.525	2011
EGY	Egypt	General government gross debt	Percent of GDP		73.172	2012
SLV	El Salvador	Gross domestic product per capita, current prices	U.S. dollars	Units	3617.92	2007
SLV	El Salvador	Gross domestic product based on purchasing-power-parity (PPP) per capita GDP	Current international dollar	Units	7340.36	2007
SLV	El Salvador	Total investment	Percent of GDP		13.292	2011
SLV	El Salvador	Gross national savings	Percent of GDP		10.191	2011
SLV	El Salvador	General government gross debt	Percent of GDP		50.141	2011
GNQ	Equatorial Guinea	Gross domestic product per capita, current prices	U.S. dollars	Units	10961.21	2010
GNQ	Equatorial Guinea	Gross domestic product based on purchasing-power-parity (PPP) per capita GDP	Current international dollar	Units	18056.8	2010
GNQ	Equatorial Guinea	Total investment	Percent of GDP		54.55	2010
GNQ	Equatorial Guinea	Gross national savings	Percent of GDP		34.098	2010
GNQ	Equatorial Guinea	General government gross debt	Percent of GDP		5.029	2010
ERI	Eritrea	Gross domestic product per capita, current prices	U.S. dollars	Units	397.719	2006
ERI	Eritrea	Gross domestic product based on purchasing-power-parity (PPP) per capita GDP	Current international dollar	Units	683.082	2006
ERI	Eritrea	Total investment	Percent of GDP		9.299	2006
ERI	Eritrea	Gross national savings	Percent of GDP		3.69	2006
ERI	Eritrea	General government gross debt	Percent of GDP		144.761	2008
EST	Estonia	Gross domestic product per capita, current prices	U.S. dollars	Units	14137.65	2011
EST	Estonia	Gross domestic product based on purchasing-power-parity (PPP) per capita GDP	Current international dollar	Units	18539.46	2011
EST	Estonia	Total investment	Percent of GDP		19.528	2011
EST	Estonia	Gross national savings	Percent of GDP		22.459	2011
EST	Estonia	General government gross debt	Percent of GDP		6.688	2011
ETH	Ethiopia	Gross domestic product per capita, current prices	U.S. dollars	Units	350.051	2008
ETH	Ethiopia	Gross domestic product based on purchasing-power-parity (PPP) per capita GDP	Current international dollar	Units	1018.75	2008
ETH	Ethiopia	Total investment	Percent of GDP		24.677	2011
ETH	Ethiopia	Gross national savings	Percent of GDP		20.525	2011
ETH	Ethiopia	General government gross debt	Percent of GDP		27.649	2011
FJI	Fiji	Gross domestic product per capita, current prices	U.S. dollars	Units	3565.45	2007
FJI	Fiji	Gross domestic product based on purchasing-power-parity (PPP) per capita GDP	Current international dollar	Units	4476.21	2007
FJI	Fiji	Total investment	Percent of GDP		16.625	2009
FJI	Fiji	Gross national savings	Percent of GDP			
FJI	Fiji	General government gross debt	Percent of GDP		55.577	2011
FIN	Finland	Gross domestic product per capita, current prices	U.S. dollars	Units	44136.03	2011
FIN	Finland	Gross domestic product based on purchasing-power-parity (PPP) per capita GDP	Current international dollar	Units	34455.81	2011
FIN	Finland	Total investment	Percent of GDP		18.507	2011
FIN	Finland	Gross national savings	Percent of GDP		19.905	2011
FIN	Finland	General government gross debt	Percent of GDP		48.644	2011
FRA	France	Gross domestic product per capita, current prices	U.S. dollars	Units	40938.85	2011
FRA	France	Gross domestic product based on purchasing-power-parity (PPP) per capita GDP	Current international dollar	Units	33945.59	2011
FRA	France	Total investment	Percent of GDP		19.264	2011
FRA	France	Gross national savings	Percent of GDP		17.706	2011
FRA	France	General government gross debt	Percent of GDP		82.3	2011
GAB	Gabon	Gross domestic product per capita, current prices	U.S. dollars	Units	8820.17	0
GAB	Gabon	Gross domestic product based on purchasing-power-parity (PPP) per capita GDP	Current international dollar	Units	15197.5	0
GAB	Gabon	Total investment	Percent of GDP		27.309	2008
GAB	Gabon	Gross national savings	Percent of GDP		36.37	2008
GAB	Gabon	General government gross debt	Percent of GDP		25.017	
GMB	The Gambia	Gross domestic product per capita, current prices	U.S. dollars	Units	550.187	2010
GMB	The Gambia	Gross domestic product based on purchasing-power-parity (PPP) per capita GDP	Current international dollar	Units	1892.72	2010
GMB	The Gambia	Total investment	Percent of GDP		21.424	2010
GMB	The Gambia	Gross national savings	Percent of GDP		5.689	2010
GMB	The Gambia	General government gross debt	Percent of GDP		67.377	2011
GEO	Georgia	Gross domestic product per capita, current prices	U.S. dollars	Units	2623.38	2009
GEO	Georgia	Gross domestic product based on purchasing-power-parity (PPP) per capita GDP	Current international dollar	Units	5064.02	2009
GEO	Georgia	Total investment	Percent of GDP		21.888	2010
GEO	Georgia	Gross national savings	Percent of GDP		11.629	2010
GEO	Georgia	General government gross debt	Percent of GDP		39.163	2010
DEU	Germany	Gross domestic product per capita, current prices	U.S. dollars	Units	40512.53	2011
DEU	Germany	Gross domestic product based on purchasing-power-parity (PPP) per capita GDP	Current international dollar	Units	36172.68	2011
DEU	Germany	Total investment	Percent of GDP		17.488	2011
DEU	Germany	Gross national savings	Percent of GDP		23.524	2011
DEU	Germany	General government gross debt	Percent of GDP		82.394	2011
GHA	Ghana	Gross domestic product per capita, current prices	U.S. dollars	Units	1358.16	0
GHA	Ghana	Gross domestic product based on purchasing-power-parity (PPP) per capita GDP	Current international dollar	Units	2732.61	0
GHA	Ghana	Total investment	Percent of GDP		23.016	2010
GHA	Ghana	Gross national savings	Percent of GDP		14.629	2010
GHA	Ghana	General government gross debt	Percent of GDP		46.258	2009
GRC	Greece	Gross domestic product per capita, current prices	U.S. dollars	Units	26971.91	2010
GRC	Greece	Gross domestic product based on purchasing-power-parity (PPP) per capita GDP	Current international dollar	Units	27644.83	2010
GRC	Greece	Total investment	Percent of GDP		16.192	2011
GRC	Greece	Gross national savings	Percent of GDP		6.085	2011
GRC	Greece	General government gross debt	Percent of GDP		144.55	2011
GRD	Grenada	Gross domestic product per capita, current prices	U.S. dollars	Units	7534.64	2009
GRD	Grenada	Gross domestic product based on purchasing-power-parity (PPP) per capita GDP	Current international dollar	Units	13502.45	2009
GRD	Grenada	Total investment	Percent of GDP		20.32	2011
GRD	Grenada	Gross national savings	Percent of GDP		-4.843	2011
GRD	Grenada	General government gross debt	Percent of GDP		102.441	2011
GTM	Guatemala	Gross domestic product per capita, current prices	U.S. dollars	Units	2875.47	2005
GTM	Guatemala	Gross domestic product based on purchasing-power-parity (PPP) per capita GDP	Current international dollar	Units	4907.3	2005
GTM	Guatemala	Total investment	Percent of GDP		13.895	2011
GTM	Guatemala	Gross national savings	Percent of GDP		12.38	2011
GTM	Guatemala	General government gross debt	Percent of GDP		24.097	2011
GIN	Guinea	Gross domestic product per capita, current prices	U.S. dollars	Units	477.105	2009
GIN	Guinea	Gross domestic product based on purchasing-power-parity (PPP) per capita GDP	Current international dollar	Units	1049.25	2009
GIN	Guinea	Total investment	Percent of GDP		10.566	2009
GIN	Guinea	Gross national savings	Percent of GDP		-1.785	2009
GIN	Guinea	General government gross debt	Percent of GDP		79.146	2011
GNB	Guinea-Bissau	Gross domestic product per capita, current prices	U.S. dollars	Units	508.339	2004
GNB	Guinea-Bissau	Gross domestic product based on purchasing-power-parity (PPP) per capita GDP	Current international dollar	Units	1086.95	2004
GNB	Guinea-Bissau	Total investment	Percent of GDP		9.817	2011
GNB	Guinea-Bissau	Gross national savings	Percent of GDP		1.564	2011
GNB	Guinea-Bissau	General government gross debt	Percent of GDP		46.743	2011
GUY	Guyana	Gross domestic product per capita, current prices	U.S. dollars	Units	2931.47	2002
GUY	Guyana	Gross domestic product based on purchasing-power-parity (PPP) per capita GDP	Current international dollar	Units	7050.04	2002
GUY	Guyana	Total investment	Percent of GDP		16.751	2011
GUY	Guyana	Gross national savings	Percent of GDP		6.819	2011
GUY	Guyana	General government gross debt	Percent of GDP		65.33	2011
HTI	Haiti	Gross domestic product per capita, current prices	U.S. dollars	Units	664.743	0
HTI	Haiti	Gross domestic product based on purchasing-power-parity (PPP) per capita GDP	Current international dollar	Units	1163.46	0
HTI	Haiti	Total investment	Percent of GDP		25.433	2011
HTI	Haiti	Gross national savings	Percent of GDP		22.95	2011
HTI	Haiti	General government gross debt	Percent of GDP		17.327	2011
HND	Honduras	Gross domestic product per capita, current prices	U.S. dollars	Units	1950.21	2001
HND	Honduras	Gross domestic product based on purchasing-power-parity (PPP) per capita GDP	Current international dollar	Units	4286.56	2001
HND	Honduras	Total investment	Percent of GDP		22.956	2011
HND	Honduras	Gross national savings	Percent of GDP		16.734	2011
HND	Honduras	General government gross debt	Percent of GDP		26.343	2011
HKG	Hong Kong SAR	Gross domestic product per capita, current prices	U.S. dollars	Units	31786.48	2011
HKG	Hong Kong SAR	Gross domestic product based on purchasing-power-parity (PPP) per capita GDP	Current international dollar	Units	46462.83	2011
HKG	Hong Kong SAR	Total investment	Percent of GDP		23.426	2011
HKG	Hong Kong SAR	Gross national savings	Percent of GDP		28.951	2011
HKG	Hong Kong SAR	General government gross debt	Percent of GDP		34.615	2010
HUN	Hungary	Gross domestic product per capita, current prices	U.S. dollars	Units	12845.41	2011
HUN	Hungary	Gross domestic product based on purchasing-power-parity (PPP) per capita GDP	Current international dollar	Units	18809.66	2011
HUN	Hungary	Total investment	Percent of GDP		18.403	2011
HUN	Hungary	Gross national savings	Percent of GDP		19.625	2011
HUN	Hungary	General government gross debt	Percent of GDP		81.312	2010
ISL	Iceland	Gross domestic product per capita, current prices	U.S. dollars	Units	38891.76	2011
ISL	Iceland	Gross domestic product based on purchasing-power-parity (PPP) per capita GDP	Current international dollar	Units	36535.47	2011
ISL	Iceland	Total investment	Percent of GDP		12.645	2011
ISL	Iceland	Gross national savings	Percent of GDP		4.14	2011
ISL	Iceland	General government gross debt	Percent of GDP		92.831	2011
IND	India	Gross domestic product per capita, current prices	U.S. dollars	Units	1369.54	2010
IND	India	Gross domestic product based on purchasing-power-parity (PPP) per capita GDP	Current international dollar	Units	3403	2010
IND	India	Total investment	Percent of GDP		34.705	2011
IND	India	Gross national savings	Percent of GDP		31.502	2011
IND	India	General government gross debt	Percent of GDP		68.042	2011
IDN	Indonesia	Gross domestic product per capita, current prices	U.S. dollars	Units	2980.84	2010
IDN	Indonesia	Gross domestic product based on purchasing-power-parity (PPP) per capita GDP	Current international dollar	Units	4352.65	2010
IDN	Indonesia	Total investment	Percent of GDP		32.574	2011
IDN	Indonesia	Gross national savings	Percent of GDP		33.301	2011
IDN	Indonesia	General government gross debt	Percent of GDP		26.876	2011
IRN	Islamic Republic of Iran	Gross domestic product per capita, current prices	U.S. dollars	Units	5637.93	2010
IRN	Islamic Republic of Iran	Gross domestic product based on purchasing-power-parity (PPP) per capita GDP	Current international dollar	Units	12789.13	2010
IRN	Islamic Republic of Iran	Total investment	Percent of GDP		36.727	2010
IRN	Islamic Republic of Iran	Gross national savings	Percent of GDP		42.758	2010
IRN	Islamic Republic of Iran	General government gross debt	Percent of GDP		16.721	2010
IRQ	Iraq	Gross domestic product per capita, current prices	U.S. dollars	Units	2623.68	2004
IRQ	Iraq	Gross domestic product based on purchasing-power-parity (PPP) per capita GDP	Current international dollar	Units	3895.38	2004
IRQ	Iraq	Total investment	Percent of GDP			
IRQ	Iraq	Gross national savings	Percent of GDP		25.311	2010
IRQ	Iraq	General government gross debt	Percent of GDP		116.708	2010
IRL	Ireland	Gross domestic product per capita, current prices	U.S. dollars	Units	46444.91	2011
IRL	Ireland	Gross domestic product based on purchasing-power-parity (PPP) per capita GDP	Current international dollar	Units	40396.59	2011
IRL	Ireland	Total investment	Percent of GDP		11.625	2011
IRL	Ireland	Gross national savings	Percent of GDP		12.764	2011
IRL	Ireland	General government gross debt	Percent of GDP		92.175	2011
ISR	Israel	Gross domestic product per capita, current prices	U.S. dollars	Units	29539.33	2010
ISR	Israel	Gross domestic product based on purchasing-power-parity (PPP) per capita GDP	Current international dollar	Units	30101.55	2010
ISR	Israel	Total investment	Percent of GDP		14.727	2011
ISR	Israel	Gross national savings	Percent of GDP		18.508	2011
ISR	Israel	General government gross debt	Percent of GDP		75.967	2010
ITA	Italy	Gross domestic product per capita, current prices	U.S. dollars	Units	34154.38	2011
ITA	Italy	Gross domestic product based on purchasing-power-parity (PPP) per capita GDP	Current international dollar	Units	29840.88	2011
ITA	Italy	Total investment	Percent of GDP		20.247	2011
ITA	Italy	Gross national savings	Percent of GDP		16.696	2011
ITA	Italy	General government gross debt	Percent of GDP		118.605	2011
JAM	Jamaica	Gross domestic product per capita, current prices	U.S. dollars	Units	4843.21	2010
JAM	Jamaica	Gross domestic product based on purchasing-power-parity (PPP) per capita GDP	Current international dollar	Units	8663.82	2010
JAM	Jamaica	Total investment	Percent of GDP		20.368	2011
JAM	Jamaica	Gross national savings	Percent of GDP		14.648	2011
JAM	Jamaica	General government gross debt	Percent of GDP		142.999	2011
JPN	Japan	Gross domestic product per capita, current prices	U.S. dollars	Units	42863.37	2011
JPN	Japan	Gross domestic product based on purchasing-power-parity (PPP) per capita GDP	Current international dollar	Units	34240.98	2011
JPN	Japan	Total investment	Percent of GDP		19.773	2011
JPN	Japan	Gross national savings	Percent of GDP		23.491	2011
JPN	Japan	General government gross debt	Percent of GDP		215.292	2010
JOR	Jordan	Gross domestic product per capita, current prices	U.S. dollars	Units	4326.38	2010
JOR	Jordan	Gross domestic product based on purchasing-power-parity (PPP) per capita GDP	Current international dollar	Units	5767.22	2010
JOR	Jordan	Total investment	Percent of GDP		23.14	2011
JOR	Jordan	Gross national savings	Percent of GDP		16.026	2011
JOR	Jordan	General government gross debt	Percent of GDP		66.804	2011
KAZ	Kazakhstan	Gross domestic product per capita, current prices	U.S. dollars	Units	9008.7	2011
KAZ	Kazakhstan	Gross domestic product based on purchasing-power-parity (PPP) per capita GDP	Current international dollar	Units	12014.77	2011
KAZ	Kazakhstan	Total investment	Percent of GDP		26.346	2011
KAZ	Kazakhstan	Gross national savings	Percent of GDP		27.973	2011
KAZ	Kazakhstan	General government gross debt	Percent of GDP		10.683	2011
KEN	Kenya	Gross domestic product per capita, current prices	U.S. dollars	Units	809.754	2010
KEN	Kenya	Gross domestic product based on purchasing-power-parity (PPP) per capita GDP	Current international dollar	Units	1680.77	2010
KEN	Kenya	Total investment	Percent of GDP		20.936	2010
KEN	Kenya	Gross national savings	Percent of GDP		14.974	2010
KEN	Kenya	General government gross debt	Percent of GDP		49.851	2010
KIR	Kiribati	Gross domestic product per capita, current prices	U.S. dollars	Units	1377.42	2009
KIR	Kiribati	Gross domestic product based on purchasing-power-parity (PPP) per capita GDP	Current international dollar	Units	5591.01	2009
KIR	Kiribati	Total investment	Percent of GDP			
KIR	Kiribati	Gross national savings	Percent of GDP			
KIR	Kiribati	General government gross debt	Percent of GDP			
KOR	Korea	Gross domestic product per capita, current prices	U.S. dollars	Units	20540.18	2011
KOR	Korea	Gross domestic product based on purchasing-power-parity (PPP) per capita GDP	Current international dollar	Units	29717.18	2011
KOR	Korea	Total investment	Percent of GDP		29.527	2011
KOR	Korea	Gross national savings	Percent of GDP		32.424	2011
KOR	Korea	General government gross debt	Percent of GDP		33.431	2010
UVK	Kosovo	Gross domestic product per capita, current prices	U.S. dollars	Units		
UVK	Kosovo	Gross domestic product based on purchasing-power-parity (PPP) per capita GDP	Current international dollar	Units		
UVK	Kosovo	Total investment	Percent of GDP			
UVK	Kosovo	Gross national savings	Percent of GDP			
UVK	Kosovo	General government gross debt	Percent of GDP			
KWT	Kuwait	Gross domestic product per capita, current prices	U.S. dollars	Units	33481.16	2011
KWT	Kuwait	Gross domestic product based on purchasing-power-parity (PPP) per capita GDP	Current international dollar	Units	38803.21	2011
KWT	Kuwait	Total investment	Percent of GDP		20.263	2011
KWT	Kuwait	Gross national savings	Percent of GDP		52.189	2011
KWT	Kuwait	General government gross debt	Percent of GDP		10.913	2010
KGZ	Kyrgyz Republic	Gross domestic product per capita, current prices	U.S. dollars	Units	875.114	2010
KGZ	Kyrgyz Republic	Gross domestic product based on purchasing-power-parity (PPP) per capita GDP	Current international dollar	Units	2219.92	2010
KGZ	Kyrgyz Republic	Total investment	Percent of GDP		23.867	2011
KGZ	Kyrgyz Republic	Gross national savings	Percent of GDP		17.487	2011
KGZ	Kyrgyz Republic	General government gross debt	Percent of GDP		60.324	2011
LAO	Lao P.D.R.	Gross domestic product per capita, current prices	U.S. dollars	Units	1105.44	2011
LAO	Lao P.D.R.	Gross domestic product based on purchasing-power-parity (PPP) per capita GDP	Current international dollar	Units	2544.17	2011
LAO	Lao P.D.R.	Total investment	Percent of GDP			
LAO	Lao P.D.R.	Gross national savings	Percent of GDP			
LAO	Lao P.D.R.	General government gross debt	Percent of GDP		61.825	2011
LVA	Latvia	Gross domestic product per capita, current prices	U.S. dollars	Units	10680.53	2011
LVA	Latvia	Gross domestic product based on purchasing-power-parity (PPP) per capita GDP	Current international dollar	Units	14406.7	2011
LVA	Latvia	Total investment	Percent of GDP		19.933	2011
LVA	Latvia	Gross national savings	Percent of GDP		22.917	2011
LVA	Latvia	General government gross debt	Percent of GDP		39.885	2011
LBN	Lebanon	Gross domestic product per capita, current prices	U.S. dollars	Units	9500.76	2007
LBN	Lebanon	Gross domestic product based on purchasing-power-parity (PPP) per capita GDP	Current international dollar	Units	15168.57	2007
LBN	Lebanon	Total investment	Percent of GDP		33.162	2010
LBN	Lebanon	Gross national savings	Percent of GDP		23.555	2010
LBN	Lebanon	General government gross debt	Percent of GDP		141.692	2011
LSO	Lesotho	Gross domestic product per capita, current prices	U.S. dollars	Units	1130.48	2006
LSO	Lesotho	Gross domestic product based on purchasing-power-parity (PPP) per capita GDP	Current international dollar	Units	1802.74	2006
LSO	Lesotho	Total investment	Percent of GDP		28.559	2008
LSO	Lesotho	Gross national savings	Percent of GDP		16.453	2008
LSO	Lesotho	General government gross debt	Percent of GDP		4.929	2009
LBR	Liberia	Gross domestic product per capita, current prices	U.S. dollars	Units	342	2009
LBR	Liberia	Gross domestic product based on purchasing-power-parity (PPP) per capita GDP	Current international dollar	Units	582.626	2009
LBR	Liberia	Total investment	Percent of GDP			
LBR	Liberia	Gross national savings	Percent of GDP			
LBR	Liberia	General government gross debt	Percent of GDP		31.561	2011
LBY	Libya	Gross domestic product per capita, current prices	U.S. dollars	Units	11239.48	2008
LBY	Libya	Gross domestic product based on purchasing-power-parity (PPP) per capita GDP	Current international dollar	Units	14459.56	2008
LBY	Libya	Total investment	Percent of GDP		40.208	2009
LBY	Libya	Gross national savings	Percent of GDP		60.015	2009
LBY	Libya	General government gross debt	Percent of GDP		0	2011
LTU	Lithuania	Gross domestic product per capita, current prices	U.S. dollars	Units	11116.15	2011
LTU	Lithuania	Gross domestic product based on purchasing-power-parity (PPP) per capita GDP	Current international dollar	Units	17333.33	2011
LTU	Lithuania	Total investment	Percent of GDP		16.419	2011
LTU	Lithuania	Gross national savings	Percent of GDP		17.88	2011
LTU	Lithuania	General government gross debt	Percent of GDP		38.004	2011
LUX	Luxembourg	Gross domestic product per capita, current prices	U.S. dollars	Units	105509.3	2011
LUX	Luxembourg	Gross domestic product based on purchasing-power-parity (PPP) per capita GDP	Current international dollar	Units	78907.22	2011
LUX	Luxembourg	Total investment	Percent of GDP		18.672	2011
LUX	Luxembourg	Gross national savings	Percent of GDP		26.375	2011
LUX	Luxembourg	General government gross debt	Percent of GDP		19.054	2011
MKD	FYR Macedonia	Gross domestic product per capita, current prices	U.S. dollars	Units	4551.69	2010
MKD	FYR Macedonia	Gross domestic product based on purchasing-power-parity (PPP) per capita GDP	Current international dollar	Units	9963.69	2010
MKD	FYR Macedonia	Total investment	Percent of GDP			
MKD	FYR Macedonia	Gross national savings	Percent of GDP		23.391	2011
MKD	FYR Macedonia	General government gross debt	Percent of GDP		24.24	2011
MDG	Madagascar	Gross domestic product per capita, current prices	U.S. dollars	Units	410.01	2006
MDG	Madagascar	Gross domestic product based on purchasing-power-parity (PPP) per capita GDP	Current international dollar	Units	931.791	2006
MDG	Madagascar	Total investment	Percent of GDP		28.625	2010
MDG	Madagascar	Gross national savings	Percent of GDP		18.942	2010
MDG	Madagascar	General government gross debt	Percent of GDP		64.426	2010
MWI	Malawi	Gross domestic product per capita, current prices	U.S. dollars	Units	343.454	2009
MWI	Malawi	Gross domestic product based on purchasing-power-parity (PPP) per capita GDP	Current international dollar	Units	821.345	2009
MWI	Malawi	Total investment	Percent of GDP		25.987	2009
MWI	Malawi	Gross national savings	Percent of GDP		24.691	2009
MWI	Malawi	General government gross debt	Percent of GDP		35.055	2011
MYS	Malaysia	Gross domestic product per capita, current prices	U.S. dollars	Units	8737.13	2010
MYS	Malaysia	Gross domestic product based on purchasing-power-parity (PPP) per capita GDP	Current international dollar	Units	15293.41	2010
MYS	Malaysia	Total investment	Percent of GDP		23.148	2011
MYS	Malaysia	Gross national savings	Percent of GDP		34.227	2011
MYS	Malaysia	General government gross debt	Percent of GDP		50.953	2011
MDV	Maldives	Gross domestic product per capita, current prices	U.S. dollars	Units	6484.86	2006
MDV	Maldives	Gross domestic product based on purchasing-power-parity (PPP) per capita GDP	Current international dollar	Units	8091.92	2006
MDV	Maldives	Total investment	Percent of GDP		15	2009
MDV	Maldives	Gross national savings	Percent of GDP		-2.332	2009
MDV	Maldives	General government gross debt	Percent of GDP		61.861	2009
MLI	Mali	Gross domestic product per capita, current prices	U.S. dollars	Units	614.18	2010
MLI	Mali	Gross domestic product based on purchasing-power-parity (PPP) per capita GDP	Current international dollar	Units	1108.75	2010
MLI	Mali	Total investment	Percent of GDP		18.424	2011
MLI	Mali	Gross national savings	Percent of GDP		5.796	2011
MLI	Mali	General government gross debt	Percent of GDP		29.458	2011
MLT	Malta	Gross domestic product per capita, current prices	U.S. dollars	Units	19455.83	2008
MLT	Malta	Gross domestic product based on purchasing-power-parity (PPP) per capita GDP	Current international dollar	Units	24751.9	2008
MLT	Malta	Total investment	Percent of GDP		16.118	2010
MLT	Malta	Gross national savings	Percent of GDP		10.354	2010
MLT	Malta	General government gross debt	Percent of GDP		69.068	2009
MRT	Mauritania	Gross domestic product per capita, current prices	U.S. dollars	Units	1065.51	2009
MRT	Mauritania	Gross domestic product based on purchasing-power-parity (PPP) per capita GDP	Current international dollar	Units	1936.97	2009
MRT	Mauritania	Total investment	Percent of GDP		24.084	2009
MRT	Mauritania	Gross national savings	Percent of GDP		15.428	2009
MRT	Mauritania	General government gross debt	Percent of GDP		86.141	
MUS	Mauritius	Gross domestic product per capita, current prices	U.S. dollars	Units	7575.39	2011
MUS	Mauritius	Gross domestic product based on purchasing-power-parity (PPP) per capita GDP	Current international dollar	Units	14152.03	2011
MUS	Mauritius	Total investment	Percent of GDP		23.646	2011
MUS	Mauritius	Gross national savings	Percent of GDP		15.48	2011
MUS	Mauritius	General government gross debt	Percent of GDP		50.598	2011
MEX	Mexico	Gross domestic product per capita, current prices	U.S. dollars	Units	9219.15	2010
MEX	Mexico	Gross domestic product based on purchasing-power-parity (PPP) per capita GDP	Current international dollar	Units	13977.3	2010
MEX	Mexico	Total investment	Percent of GDP		24.008	2011
MEX	Mexico	Gross national savings	Percent of GDP		23.59	2011
MEX	Mexico	General government gross debt	Percent of GDP		42.868	2011
MDA	Moldova	Gross domestic product per capita, current prices	U.S. dollars	Units	1634.52	2011
MDA	Moldova	Gross domestic product based on purchasing-power-parity (PPP) per capita GDP	Current international dollar	Units	3103.75	2011
MDA	Moldova	Total investment	Percent of GDP		23.524	2011
MDA	Moldova	Gross national savings	Percent of GDP		15.615	2011
MDA	Moldova	General government gross debt	Percent of GDP		26.192	2011
MNG	Mongolia	Gross domestic product per capita, current prices	U.S. dollars	Units	2266.65	2011
MNG	Mongolia	Gross domestic product based on purchasing-power-parity (PPP) per capita GDP	Current international dollar	Units	4020.34	2011
MNG	Mongolia	Total investment	Percent of GDP		50.667	2011
MNG	Mongolia	Gross national savings	Percent of GDP		35.749	2011
MNG	Mongolia	General government gross debt	Percent of GDP			
MNE	Montenegro	Gross domestic product per capita, current prices	U.S. dollars	Units	6383.27	2010
MNE	Montenegro	Gross domestic product based on purchasing-power-parity (PPP) per capita GDP	Current international dollar	Units	10601.3	2010
MNE	Montenegro	Total investment	Percent of GDP		22.793	2010
MNE	Montenegro	Gross national savings	Percent of GDP		-2.623	2010
MNE	Montenegro	General government gross debt	Percent of GDP		42.393	2010
MAR	Morocco	Gross domestic product per capita, current prices	U.S. dollars	Units	2850.86	2011
MAR	Morocco	Gross domestic product based on purchasing-power-parity (PPP) per capita GDP	Current international dollar	Units	4794.02	2011
MAR	Morocco	Total investment	Percent of GDP		34.791	2011
MAR	Morocco	Gross national savings	Percent of GDP		30.448	2011
MAR	Morocco	General government gross debt	Percent of GDP		51.28	2011
MOZ	Mozambique	Gross domestic product per capita, current prices	U.S. dollars	Units	442.353	2010
MOZ	Mozambique	Gross domestic product based on purchasing-power-parity (PPP) per capita GDP	Current international dollar	Units	1014.19	2010
MOZ	Mozambique	Total investment	Percent of GDP		21.859	2011
MOZ	Mozambique	Gross national savings	Percent of GDP		10.2	2011
MOZ	Mozambique	General government gross debt	Percent of GDP		41.116	2011
MMR	Myanmar	Gross domestic product per capita, current prices	U.S. dollars	Units	741.666	2006
MMR	Myanmar	Gross domestic product based on purchasing-power-parity (PPP) per capita GDP	Current international dollar	Units	1254.53	2006
MMR	Myanmar	Total investment	Percent of GDP		16.013	2010
MMR	Myanmar	Gross national savings	Percent of GDP		16.834	2010
MMR	Myanmar	General government gross debt	Percent of GDP		52.988	2010
NAM	Namibia	Gross domestic product per capita, current prices	U.S. dollars	Units	5244.09	2008
NAM	Namibia	Gross domestic product based on purchasing-power-parity (PPP) per capita GDP	Current international dollar	Units	7015.65	2008
NAM	Namibia	Total investment	Percent of GDP		28.112	2009
NAM	Namibia	Gross national savings	Percent of GDP		28.384	2009
NAM	Namibia	General government gross debt	Percent of GDP		15.669	2009
NPL	Nepal	Gross domestic product per capita, current prices	U.S. dollars	Units	532.578	2011
NPL	Nepal	Gross domestic product based on purchasing-power-parity (PPP) per capita GDP	Current international dollar	Units	1198	2011
NPL	Nepal	Total investment	Percent of GDP		37.068	2012
NPL	Nepal	Gross national savings	Percent of GDP		34.699	2012
NPL	Nepal	General government gross debt	Percent of GDP		35.447	2012
NLD	Netherlands	Gross domestic product per capita, current prices	U.S. dollars	Units	47017.49	2011
NLD	Netherlands	Gross domestic product based on purchasing-power-parity (PPP) per capita GDP	Current international dollar	Units	40888.01	2011
NLD	Netherlands	Total investment	Percent of GDP		17.981	2011
NLD	Netherlands	Gross national savings	Percent of GDP		25.028	2011
NLD	Netherlands	General government gross debt	Percent of GDP		62.863	2011
NZL	New Zealand	Gross domestic product per capita, current prices	U.S. dollars	Units	32061.17	2011
NZL	New Zealand	Gross domestic product based on purchasing-power-parity (PPP) per capita GDP	Current international dollar	Units	27357.24	2011
NZL	New Zealand	Total investment	Percent of GDP		19.338	2011
NZL	New Zealand	Gross national savings	Percent of GDP		16.336	2011
NZL	New Zealand	General government gross debt	Percent of GDP		32.456	2011
NIC	Nicaragua	Gross domestic product per capita, current prices	U.S. dollars	Units	1133.28	2007
NIC	Nicaragua	Gross domestic product based on purchasing-power-parity (PPP) per capita GDP	Current international dollar	Units	3036.93	2007
NIC	Nicaragua	Total investment	Percent of GDP		25.801	2010
NIC	Nicaragua	Gross national savings	Percent of GDP		11.428	2010
NIC	Nicaragua	General government gross debt	Percent of GDP		79.892	2010
NER	Niger	Gross domestic product per capita, current prices	U.S. dollars	Units	370.481	2009
NER	Niger	Gross domestic product based on purchasing-power-parity (PPP) per capita GDP	Current international dollar	Units	760.951	2009
NER	Niger	Total investment	Percent of GDP		38.628	2010
NER	Niger	Gross national savings	Percent of GDP		17.729	2010
NER	Niger	General government gross debt	Percent of GDP		17.588	2011
NGA	Nigeria	Gross domestic product per capita, current prices	U.S. dollars	Units	1465.15	2006
NGA	Nigeria	Gross domestic product based on purchasing-power-parity (PPP) per capita GDP	Current international dollar	Units	2419.82	2006
NGA	Nigeria	Total investment	Percent of GDP		23.057	2011
NGA	Nigeria	Gross national savings	Percent of GDP		28.927	2011
NGA	Nigeria	General government gross debt	Percent of GDP		15.495	2011
NOR	Norway	Gross domestic product per capita, current prices	U.S. dollars	Units	85055.45	2011
NOR	Norway	Gross domestic product based on purchasing-power-parity (PPP) per capita GDP	Current international dollar	Units	52178.61	2011
NOR	Norway	Total investment	Percent of GDP		22.44	2011
NOR	Norway	Gross national savings	Percent of GDP		34.867	2011
NOR	Norway	General government gross debt	Percent of GDP		49.608	2011
OMN	Oman	Gross domestic product per capita, current prices	U.S. dollars	Units	19867.41	2008
OMN	Oman	Gross domestic product based on purchasing-power-parity (PPP) per capita GDP	Current international dollar	Units	26474.73	2008
OMN	Oman	Total investment	Percent of GDP		27.495	2009
OMN	Oman	Gross national savings	Percent of GDP		36.102	2009
OMN	Oman	General government gross debt	Percent of GDP		5.261	2008
PAK	Pakistan	Gross domestic product per capita, current prices	U.S. dollars	Units	1027.65	2011
PAK	Pakistan	Gross domestic product based on purchasing-power-parity (PPP) per capita GDP	Current international dollar	Units	2702.39	2011
PAK	Pakistan	Total investment	Percent of GDP		15.566	2011
PAK	Pakistan	Gross national savings	Percent of GDP		13.33	2011
PAK	Pakistan	General government gross debt	Percent of GDP		61.607	2011
PAN	Panama	Gross domestic product per capita, current prices	U.S. dollars	Units	7539.17	2010
PAN	Panama	Gross domestic product based on purchasing-power-parity (PPP) per capita GDP	Current international dollar	Units	12706.52	2010
PAN	Panama	Total investment	Percent of GDP		25.976	2011
PAN	Panama	Gross national savings	Percent of GDP		15.212	2011
PAN	Panama	General government gross debt	Percent of GDP		39.191	2011
PNG	Papua New Guinea	Gross domestic product per capita, current prices	U.S. dollars	Units	1521.44	2010
PNG	Papua New Guinea	Gross domestic product based on purchasing-power-parity (PPP) per capita GDP	Current international dollar	Units	2333.41	2010
PNG	Papua New Guinea	Total investment	Percent of GDP		14.946	2010
PNG	Papua New Guinea	Gross national savings	Percent of GDP		-10.668	2010
PNG	Papua New Guinea	General government gross debt	Percent of GDP			
PRY	Paraguay	Gross domestic product per capita, current prices	U.S. dollars	Units	3238.38	2011
PRY	Paraguay	Gross domestic product based on purchasing-power-parity (PPP) per capita GDP	Current international dollar	Units	5957.25	2011
PRY	Paraguay	Total investment	Percent of GDP		16.226	2011
PRY	Paraguay	Gross national savings	Percent of GDP		13.137	2011
PRY	Paraguay	General government gross debt	Percent of GDP		13.731	2011
PER	Peru	Gross domestic product per capita, current prices	U.S. dollars	Units	5207.3	2009
PER	Peru	Gross domestic product based on purchasing-power-parity (PPP) per capita GDP	Current international dollar	Units	9358.03	2009
PER	Peru	Total investment	Percent of GDP		25.266	2011
PER	Peru	Gross national savings	Percent of GDP		22.808	2011
PER	Peru	General government gross debt	Percent of GDP		24.55	2011
PHL	Philippines	Gross domestic product per capita, current prices	U.S. dollars	Units	2123.08	2010
PHL	Philippines	Gross domestic product based on purchasing-power-parity (PPP) per capita GDP	Current international dollar	Units	3920.31	2010
PHL	Philippines	Total investment	Percent of GDP		20.541	2011
PHL	Philippines	Gross national savings	Percent of GDP		25.011	2011
PHL	Philippines	General government gross debt	Percent of GDP		43.462	2011
POL	Poland	Gross domestic product per capita, current prices	U.S. dollars	Units	12307.74	2011
POL	Poland	Gross domestic product based on purchasing-power-parity (PPP) per capita GDP	Current international dollar	Units	18961.08	2011
POL	Poland	Total investment	Percent of GDP		21	2011
POL	Poland	Gross national savings	Percent of GDP		14.397	2011
POL	Poland	General government gross debt	Percent of GDP		54.843	2011
PRT	Portugal	Gross domestic product per capita, current prices	U.S. dollars	Units	21537.99	2011
PRT	Portugal	Gross domestic product based on purchasing-power-parity (PPP) per capita GDP	Current international dollar	Units	23261.54	2011
PRT	Portugal	Total investment	Percent of GDP		19.598	2011
PRT	Portugal	Gross national savings	Percent of GDP		9.947	2011
PRT	Portugal	General government gross debt	Percent of GDP		93.32	2011
QAT	Qatar	Gross domestic product per capita, current prices	U.S. dollars	Units	74901.42	2011
QAT	Qatar	Gross domestic product based on purchasing-power-parity (PPP) per capita GDP	Current international dollar	Units	88291.56	2011
QAT	Qatar	Total investment	Percent of GDP		30.448	2011
QAT	Qatar	Gross national savings	Percent of GDP		57.1	2011
QAT	Qatar	General government gross debt	Percent of GDP		38.69	2011
ROU	Romania	Gross domestic product per capita, current prices	U.S. dollars	Units	7667.22	2010
ROU	Romania	Gross domestic product based on purchasing-power-parity (PPP) per capita GDP	Current international dollar	Units	11904.14	2010
ROU	Romania	Total investment	Percent of GDP		24.832	2010
ROU	Romania	Gross national savings	Percent of GDP		20.386	2010
ROU	Romania	General government gross debt	Percent of GDP		31.197	2010
RUS	Russia	Gross domestic product per capita, current prices	U.S. dollars	Units	10407.93	2011
RUS	Russia	Gross domestic product based on purchasing-power-parity (PPP) per capita GDP	Current international dollar	Units	15657.16	2011
RUS	Russia	Total investment	Percent of GDP		20.695	2011
RUS	Russia	Gross national savings	Percent of GDP		25.399	2011
RUS	Russia	General government gross debt	Percent of GDP		11.818	2011
RWA	Rwanda	Gross domestic product per capita, current prices	U.S. dollars	Units	558.669	2010
RWA	Rwanda	Gross domestic product based on purchasing-power-parity (PPP) per capita GDP	Current international dollar	Units	1228.51	2010
RWA	Rwanda	Total investment	Percent of GDP		21.737	2010
RWA	Rwanda	Gross national savings	Percent of GDP		15.798	2010
RWA	Rwanda	General government gross debt	Percent of GDP		23.209	2010
WSM	Samoa	Gross domestic product per capita, current prices	U.S. dollars	Units	3414.01	2011
WSM	Samoa	Gross domestic product based on purchasing-power-parity (PPP) per capita GDP	Current international dollar	Units	5767.88	2011
WSM	Samoa	Total investment	Percent of GDP			
WSM	Samoa	Gross national savings	Percent of GDP			
WSM	Samoa	General government gross debt	Percent of GDP			
SMR	San Marino	Gross domestic product per capita, current prices	U.S. dollars	Units		
SMR	San Marino	Gross domestic product based on purchasing-power-parity (PPP) per capita GDP	Current international dollar	Units		
SMR	San Marino	Total investment	Percent of GDP		17.955	2010
SMR	San Marino	Gross national savings	Percent of GDP			
SMR	San Marino	General government gross debt	Percent of GDP			
STP	Sﾋo Tomﾎ and Prﾒncipe	Gross domestic product per capita, current prices	U.S. dollars	Units	1215.49	2010
STP	Sﾋo Tomﾎ and Prﾒncipe	Gross domestic product based on purchasing-power-parity (PPP) per capita GDP	Current international dollar	Units	2140.62	2010
STP	Sﾋo Tomﾎ and Prﾒncipe	Total investment	Percent of GDP		48.443	2010
STP	Sﾋo Tomﾎ and Prﾒncipe	Gross national savings	Percent of GDP		20.852	2010
STP	Sﾋo Tomﾎ and Prﾒncipe	General government gross debt	Percent of GDP		78.194	2011
SAU	Saudi Arabia	Gross domestic product per capita, current prices	U.S. dollars	Units	16541.1	2010
SAU	Saudi Arabia	Gross domestic product based on purchasing-power-parity (PPP) per capita GDP	Current international dollar	Units	22818.04	2010
SAU	Saudi Arabia	Total investment	Percent of GDP		22.612	2011
SAU	Saudi Arabia	Gross national savings	Percent of GDP		37.252	2011
SAU	Saudi Arabia	General government gross debt	Percent of GDP		9.768	2011
SEN	Senegal	Gross domestic product per capita, current prices	U.S. dollars	Units	1036.07	2011
SEN	Senegal	Gross domestic product based on purchasing-power-parity (PPP) per capita GDP	Current international dollar	Units	1930.09	2011
SEN	Senegal	Total investment	Percent of GDP		29.708	2011
SEN	Senegal	Gross national savings	Percent of GDP		25.297	2011
SEN	Senegal	General government gross debt	Percent of GDP		35.695	2011
SRB	Serbia	Gross domestic product per capita, current prices	U.S. dollars	Units	4891.53	2010
SRB	Serbia	Gross domestic product based on purchasing-power-parity (PPP) per capita GDP	Current international dollar	Units	10120.05	2010
SRB	Serbia	Total investment	Percent of GDP		16.472	2010
SRB	Serbia	Gross national savings	Percent of GDP		9.024	2010
SRB	Serbia	General government gross debt	Percent of GDP		46.488	2011
SYC	Seychelles	Gross domestic product per capita, current prices	U.S. dollars	Units	10727.49	2010
SYC	Seychelles	Gross domestic product based on purchasing-power-parity (PPP) per capita GDP	Current international dollar	Units	23891.46	2010
SYC	Seychelles	Total investment	Percent of GDP		36.684	2010
SYC	Seychelles	Gross national savings	Percent of GDP		16.604	2010
SYC	Seychelles	General government gross debt	Percent of GDP		82.486	2011
SLE	Sierra Leone	Gross domestic product per capita, current prices	U.S. dollars	Units	435.714	2010
SLE	Sierra Leone	Gross domestic product based on purchasing-power-parity (PPP) per capita GDP	Current international dollar	Units	1073.2	2010
SLE	Sierra Leone	Total investment	Percent of GDP		24.293	2010
SLE	Sierra Leone	Gross national savings	Percent of GDP		5.003	2010
SLE	Sierra Leone	General government gross debt	Percent of GDP		48.935	2010
SGP	Singapore	Gross domestic product per capita, current prices	U.S. dollars	Units	43864.74	2010
SGP	Singapore	Gross domestic product based on purchasing-power-parity (PPP) per capita GDP	Current international dollar	Units	56708.69	2010
SGP	Singapore	Total investment	Percent of GDP		22.128	2011
SGP	Singapore	Gross national savings	Percent of GDP		46.54	2011
SGP	Singapore	General government gross debt	Percent of GDP		101.232	2011
SVK	Slovak Republic	Gross domestic product per capita, current prices	U.S. dollars	Units	16049.85	2010
SVK	Slovak Republic	Gross domestic product based on purchasing-power-parity (PPP) per capita GDP	Current international dollar	Units	22121.86	2010
SVK	Slovak Republic	Total investment	Percent of GDP		23.445	2011
SVK	Slovak Republic	Gross national savings	Percent of GDP		19.845	2011
SVK	Slovak Republic	General government gross debt	Percent of GDP		41.066	2011
SVN	Slovenia	Gross domestic product per capita, current prices	U.S. dollars	Units	23407.25	2011
SVN	Slovenia	Gross domestic product based on purchasing-power-parity (PPP) per capita GDP	Current international dollar	Units	28111.3	2011
SVN	Slovenia	Total investment	Percent of GDP		21.067	2011
SVN	Slovenia	Gross national savings	Percent of GDP		20.48	2011
SVN	Slovenia	General government gross debt	Percent of GDP		38.579	2011
SLB	Solomon Islands	Gross domestic product per capita, current prices	U.S. dollars	Units	1266.95	2009
SLB	Solomon Islands	Gross domestic product based on purchasing-power-parity (PPP) per capita GDP	Current international dollar	Units	2894.28	2009
SLB	Solomon Islands	Total investment	Percent of GDP		36.076	2010
SLB	Solomon Islands	Gross national savings	Percent of GDP		5.262	2010
SLB	Solomon Islands	General government gross debt	Percent of GDP		27.809	2011
ZAF	South Africa	Gross domestic product per capita, current prices	U.S. dollars	Units	7270.8	2008
ZAF	South Africa	Gross domestic product based on purchasing-power-parity (PPP) per capita GDP	Current international dollar	Units	10540.87	2008
ZAF	South Africa	Total investment	Percent of GDP		19.426	2010
ZAF	South Africa	Gross national savings	Percent of GDP		16.61	2010
ZAF	South Africa	General government gross debt	Percent of GDP		35.255	2011
SSD	South Sudan	Gross domestic product per capita, current prices	U.S. dollars	Units	1690.74	2008
SSD	South Sudan	Gross domestic product based on purchasing-power-parity (PPP) per capita GDP	Current international dollar	Units	2383.09	2008
SSD	South Sudan	Total investment	Percent of GDP		11.462	2011
SSD	South Sudan	Gross national savings	Percent of GDP		8.889	2011
SSD	South Sudan	General government gross debt	Percent of GDP			
ESP	Spain	Gross domestic product per capita, current prices	U.S. dollars	Units	30207.75	2011
ESP	Spain	Gross domestic product based on purchasing-power-parity (PPP) per capita GDP	Current international dollar	Units	29751.38	2011
ESP	Spain	Total investment	Percent of GDP		22.812	2011
ESP	Spain	Gross national savings	Percent of GDP		18.29	2011
ESP	Spain	General government gross debt	Percent of GDP		61.316	2011
LKA	Sri Lanka	Gross domestic product per capita, current prices	U.S. dollars	Units	2428.87	2011
LKA	Sri Lanka	Gross domestic product based on purchasing-power-parity (PPP) per capita GDP	Current international dollar	Units	5157.42	2011
LKA	Sri Lanka	Total investment	Percent of GDP		27.143	2011
LKA	Sri Lanka	Gross national savings	Percent of GDP		24.948	2011
LKA	Sri Lanka	General government gross debt	Percent of GDP			
KNA	St. Kitts and Nevis	Gross domestic product per capita, current prices	U.S. dollars	Units	12216.26	2003
KNA	St. Kitts and Nevis	Gross domestic product based on purchasing-power-parity (PPP) per capita GDP	Current international dollar	Units	15871.1	2003
KNA	St. Kitts and Nevis	Total investment	Percent of GDP		48	2011
KNA	St. Kitts and Nevis	Gross national savings	Percent of GDP		25.887	2011
KNA	St. Kitts and Nevis	General government gross debt	Percent of GDP		163.863	2011
LCA	St. Lucia	Gross domestic product per capita, current prices	U.S. dollars	Units	7299.99	2010
LCA	St. Lucia	Gross domestic product based on purchasing-power-parity (PPP) per capita GDP	Current international dollar	Units	12742.39	2010
LCA	St. Lucia	Total investment	Percent of GDP		32.434	2011
LCA	St. Lucia	Gross national savings	Percent of GDP		17.311	2011
LCA	St. Lucia	General government gross debt	Percent of GDP		65.214	2011
VCT	St. Vincent and the Grenadines	Gross domestic product per capita, current prices	U.S. dollars	Units	6165.23	2001
VCT	St. Vincent and the Grenadines	Gross domestic product based on purchasing-power-parity (PPP) per capita GDP	Current international dollar	Units	11306.17	2001
VCT	St. Vincent and the Grenadines	Total investment	Percent of GDP		25.467	2011
VCT	St. Vincent and the Grenadines	Gross national savings	Percent of GDP		-6.104	2011
VCT	St. Vincent and the Grenadines	General government gross debt	Percent of GDP		66.843	2011
SDN	Sudan	Gross domestic product per capita, current prices	U.S. dollars	Units	1615.84	2006
SDN	Sudan	Gross domestic product based on purchasing-power-parity (PPP) per capita GDP	Current international dollar	Units	2277.52	2006
SDN	Sudan	Total investment	Percent of GDP		20.163	2010
SDN	Sudan	Gross national savings	Percent of GDP		18.03	2010
SDN	Sudan	General government gross debt	Percent of GDP		73.986	2011
SUR	Suriname	Gross domestic product per capita, current prices	U.S. dollars	Units	8191.54	2007
SUR	Suriname	Gross domestic product based on purchasing-power-parity (PPP) per capita GDP	Current international dollar	Units	11195.13	2007
SUR	Suriname	Total investment	Percent of GDP			
SUR	Suriname	Gross national savings	Percent of GDP			
SUR	Suriname	General government gross debt	Percent of GDP		18.486	2011
SWZ	Swaziland	Gross domestic product per capita, current prices	U.S. dollars	Units	3130.65	2008
SWZ	Swaziland	Gross domestic product based on purchasing-power-parity (PPP) per capita GDP	Current international dollar	Units	5156.34	2008
SWZ	Swaziland	Total investment	Percent of GDP		12.232	2009
SWZ	Swaziland	Gross national savings	Percent of GDP		1.724	2009
SWZ	Swaziland	General government gross debt	Percent of GDP		15.937	2010
SWE	Sweden	Gross domestic product per capita, current prices	U.S. dollars	Units	49844.85	2011
SWE	Sweden	Gross domestic product based on purchasing-power-parity (PPP) per capita GDP	Current international dollar	Units	38474.44	2011
SWE	Sweden	Total investment	Percent of GDP		17.946	2011
SWE	Sweden	Gross national savings	Percent of GDP		24.725	2011
SWE	Sweden	General government gross debt	Percent of GDP		38.82	2011
CHE	Switzerland	Gross domestic product per capita, current prices	U.S. dollars	Units	69972.83	2011
CHE	Switzerland	Gross domestic product based on purchasing-power-parity (PPP) per capita GDP	Current international dollar	Units	43156.71	2011
CHE	Switzerland	Total investment	Percent of GDP		19.951	2011
CHE	Switzerland	Gross national savings	Percent of GDP			
CHE	Switzerland	General government gross debt	Percent of GDP		48.04	2010
SYR	Syria	Gross domestic product per capita, current prices	U.S. dollars	Units	2802.65	2010
SYR	Syria	Gross domestic product based on purchasing-power-parity (PPP) per capita GDP	Current international dollar	Units	5040.58	2010
SYR	Syria	Total investment	Percent of GDP		24.198	2010
SYR	Syria	Gross national savings	Percent of GDP		20.89	2010
SYR	Syria	General government gross debt	Percent of GDP		29.404	2009
TWN	Taiwan Province of China	Gross domestic product per capita, current prices	U.S. dollars	Units	18572.75	2011
TWN	Taiwan Province of China	Gross domestic product based on purchasing-power-parity (PPP) per capita GDP	Current international dollar	Units	35595.46	2011
TWN	Taiwan Province of China	Total investment	Percent of GDP		22.804	2011
TWN	Taiwan Province of China	Gross national savings	Percent of GDP		32.401	2011
TWN	Taiwan Province of China	General government gross debt	Percent of GDP		38.137	2011
TJK	Tajikistan	Gross domestic product per capita, current prices	U.S. dollars	Units	740.733	2011
TJK	Tajikistan	Gross domestic product based on purchasing-power-parity (PPP) per capita GDP	Current international dollar	Units	1941.58	2011
TJK	Tajikistan	Total investment	Percent of GDP		16.579	2011
TJK	Tajikistan	Gross national savings	Percent of GDP		16.324	2011
TJK	Tajikistan	General government gross debt	Percent of GDP		36.342	2011
TZA	Tanzania	Gross domestic product per capita, current prices	U.S. dollars	Units	553.838	2006
TZA	Tanzania	Gross domestic product based on purchasing-power-parity (PPP) per capita GDP	Current international dollar	Units	1510.53	2006
TZA	Tanzania	Total investment	Percent of GDP		32.027	2010
TZA	Tanzania	Gross national savings	Percent of GDP		24.146	2010
TZA	Tanzania	General government gross debt	Percent of GDP		42.703	2010
THA	Thailand	Gross domestic product per capita, current prices	U.S. dollars	Units	4992.43	2011
THA	Thailand	Gross domestic product based on purchasing-power-parity (PPP) per capita GDP	Current international dollar	Units	9225.88	2011
THA	Thailand	Total investment	Percent of GDP		25.935	2011
THA	Thailand	Gross national savings	Percent of GDP		30.067	2011
THA	Thailand	General government gross debt	Percent of GDP		42.644	2011
TLS	Democratic Republic of Timor-Leste	Gross domestic product per capita, current prices	U.S. dollars	Units	2998.65	2009
TLS	Democratic Republic of Timor-Leste	Gross domestic product based on purchasing-power-parity (PPP) per capita GDP	Current international dollar	Units	7889.32	2009
TLS	Democratic Republic of Timor-Leste	Total investment	Percent of GDP			
TLS	Democratic Republic of Timor-Leste	Gross national savings	Percent of GDP			
TLS	Democratic Republic of Timor-Leste	General government gross debt	Percent of GDP			
TGO	Togo	Gross domestic product per capita, current prices	U.S. dollars	Units	527.069	2009
TGO	Togo	Gross domestic product based on purchasing-power-parity (PPP) per capita GDP	Current international dollar	Units	1000.4	2009
TGO	Togo	Total investment	Percent of GDP		18.863	2009
TGO	Togo	Gross national savings	Percent of GDP		12.567	2009
TGO	Togo	General government gross debt	Percent of GDP		48.602	2009
TON	Tonga	Gross domestic product per capita, current prices	U.S. dollars	Units	3721.12	2006
TON	Tonga	Gross domestic product based on purchasing-power-parity (PPP) per capita GDP	Current international dollar	Units	7116.17	2006
TON	Tonga	Total investment	Percent of GDP		28.505	2010
TON	Tonga	Gross national savings	Percent of GDP			
TON	Tonga	General government gross debt	Percent of GDP			
TTO	Trinidad and Tobago	Gross domestic product per capita, current prices	U.S. dollars	Units	15826.6	2010
TTO	Trinidad and Tobago	Gross domestic product based on purchasing-power-parity (PPP) per capita GDP	Current international dollar	Units	19980.93	2010
TTO	Trinidad and Tobago	Total investment	Percent of GDP		15.255	2010
TTO	Trinidad and Tobago	Gross national savings	Percent of GDP		35.262	2010
TTO	Trinidad and Tobago	General government gross debt	Percent of GDP		35.113	2011
TUN	Tunisia	Gross domestic product per capita, current prices	U.S. dollars	Units	4199.35	2010
TUN	Tunisia	Gross domestic product based on purchasing-power-parity (PPP) per capita GDP	Current international dollar	Units	9459.9	2010
TUN	Tunisia	Total investment	Percent of GDP		26.383	2011
TUN	Tunisia	Gross national savings	Percent of GDP		21.63	2011
TUN	Tunisia	General government gross debt	Percent of GDP		40.454	2011
TUR	Turkey	Gross domestic product per capita, current prices	U.S. dollars	Units	10017.3	2010
TUR	Turkey	Gross domestic product based on purchasing-power-parity (PPP) per capita GDP	Current international dollar	Units	13293.92	2010
TUR	Turkey	Total investment	Percent of GDP		19.523	2010
TUR	Turkey	Gross national savings	Percent of GDP		13.145	2010
TUR	Turkey	General government gross debt	Percent of GDP		42.396	2010
TKM	Turkmenistan	Gross domestic product per capita, current prices	U.S. dollars	Units	4072.1	2007
TKM	Turkmenistan	Gross domestic product based on purchasing-power-parity (PPP) per capita GDP	Current international dollar	Units	6804.24	2007
TKM	Turkmenistan	Total investment	Percent of GDP			
TKM	Turkmenistan	Gross national savings	Percent of GDP			
TKM	Turkmenistan	General government gross debt	Percent of GDP		10.628	2011
TUV	Tuvalu	Gross domestic product per capita, current prices	U.S. dollars	Units	2861.64	2011
TUV	Tuvalu	Gross domestic product based on purchasing-power-parity (PPP) per capita GDP	Current international dollar	Units	3162.08	2011
TUV	Tuvalu	Total investment	Percent of GDP			
TUV	Tuvalu	Gross national savings	Percent of GDP			
TUV	Tuvalu	General government gross debt	Percent of GDP		61.692	0
UGA	Uganda	Gross domestic product per capita, current prices	U.S. dollars	Units	508.026	2010
UGA	Uganda	Gross domestic product based on purchasing-power-parity (PPP) per capita GDP	Current international dollar	Units	1331.69	2010
UGA	Uganda	Total investment	Percent of GDP		24.29	2010
UGA	Uganda	Gross national savings	Percent of GDP		14.083	2010
UGA	Uganda	General government gross debt	Percent of GDP		27.022	2010
UKR	Ukraine	Gross domestic product per capita, current prices	U.S. dollars	Units	2979.67	2011
UKR	Ukraine	Gross domestic product based on purchasing-power-parity (PPP) per capita GDP	Current international dollar	Units	6698.04	2011
UKR	Ukraine	Total investment	Percent of GDP		18.467	2011
UKR	Ukraine	Gross national savings	Percent of GDP		16.255	2011
UKR	Ukraine	General government gross debt	Percent of GDP		40.505	2011
ARE	United Arab Emirates	Gross domestic product per capita, current prices	U.S. dollars	Units	54411.12	2009
ARE	United Arab Emirates	Gross domestic product based on purchasing-power-parity (PPP) per capita GDP	Current international dollar	Units	45759.38	2009
ARE	United Arab Emirates	Total investment	Percent of GDP		21.658	2011
ARE	United Arab Emirates	Gross national savings	Percent of GDP		25.028	2011
ARE	United Arab Emirates	General government gross debt	Percent of GDP		22.332	2011
GBR	United Kingdom	Gross domestic product per capita, current prices	U.S. dollars	Units	36441.71	2007
GBR	United Kingdom	Gross domestic product based on purchasing-power-parity (PPP) per capita GDP	Current international dollar	Units	35730.86	2007
GBR	United Kingdom	Total investment	Percent of GDP		15.049	2011
GBR	United Kingdom	Gross national savings	Percent of GDP		12.507	2011
GBR	United Kingdom	General government gross debt	Percent of GDP		74.976	2011
USA	United States	Gross domestic product per capita, current prices	U.S. dollars	Units	46811.2	2011
USA	United States	Gross domestic product based on purchasing-power-parity (PPP) per capita GDP	Current international dollar	Units	46811.2	2011
USA	United States	Total investment	Percent of GDP		15.469	2011
USA	United States	Gross national savings	Percent of GDP		12.212	2011
USA	United States	General government gross debt	Percent of GDP		98.617	2010
URY	Uruguay	Gross domestic product per capita, current prices	U.S. dollars	Units	11741.7	2005
URY	Uruguay	Gross domestic product based on purchasing-power-parity (PPP) per capita GDP	Current international dollar	Units	14049	2005
URY	Uruguay	Total investment	Percent of GDP		18.558	2010
URY	Uruguay	Gross national savings	Percent of GDP		17.053	2010
URY	Uruguay	General government gross debt	Percent of GDP		57.908	2010
UZB	Uzbekistan	Gross domestic product per capita, current prices	U.S. dollars	Units	1367.13	2010
UZB	Uzbekistan	Gross domestic product based on purchasing-power-parity (PPP) per capita GDP	Current international dollar	Units	3021.17	2010
UZB	Uzbekistan	Total investment	Percent of GDP		30.667	2011
UZB	Uzbekistan	Gross national savings	Percent of GDP		36.819	2011
UZB	Uzbekistan	General government gross debt	Percent of GDP		9.961	2011
VUT	Vanuatu	Gross domestic product per capita, current prices	U.S. dollars	Units	2835.67	2009
VUT	Vanuatu	Gross domestic product based on purchasing-power-parity (PPP) per capita GDP	Current international dollar	Units	4731.78	2009
VUT	Vanuatu	Total investment	Percent of GDP			
VUT	Vanuatu	Gross national savings	Percent of GDP			
VUT	Vanuatu	General government gross debt	Percent of GDP			
VEN	Venezuela	Gross domestic product per capita, current prices	U.S. dollars	Units	10099.46	2010
VEN	Venezuela	Gross domestic product based on purchasing-power-parity (PPP) per capita GDP	Current international dollar	Units	12048.42	2010
VEN	Venezuela	Total investment	Percent of GDP		21.972	2010
VEN	Venezuela	Gross national savings	Percent of GDP		26.85	2010
VEN	Venezuela	General government gross debt	Percent of GDP		40.202	2010
VNM	Vietnam	Gross domestic product per capita, current prices	U.S. dollars	Units	1173.56	2010
VNM	Vietnam	Gross domestic product based on purchasing-power-parity (PPP) per capita GDP	Current international dollar	Units	3143	2010
VNM	Vietnam	Total investment	Percent of GDP		39.043	2011
VNM	Vietnam	Gross national savings	Percent of GDP		34.904	2011
VNM	Vietnam	General government gross debt	Percent of GDP		54.038	2011
YEM	Yemen	Gross domestic product per capita, current prices	U.S. dollars	Units	1272.49	2008
YEM	Yemen	Gross domestic product based on purchasing-power-parity (PPP) per capita GDP	Current international dollar	Units	2598.59	2008
YEM	Yemen	Total investment	Percent of GDP		11.641	2008
YEM	Yemen	Gross national savings	Percent of GDP		7.192	2008
YEM	Yemen	General government gross debt	Percent of GDP		40.903	2009
ZMB	Zambia	Gross domestic product per capita, current prices	U.S. dollars	Units	1221.26	2010
ZMB	Zambia	Gross domestic product based on purchasing-power-parity (PPP) per capita GDP	Current international dollar	Units	1516.53	2010
ZMB	Zambia	Total investment	Percent of GDP		22.567	2011
ZMB	Zambia	Gross national savings	Percent of GDP		29.635	2011
ZMB	Zambia	General government gross debt	Percent of GDP		25.756	2011
ZWE	Zimbabwe	Gross domestic product per capita, current prices	U.S. dollars	Units	591.104	2000
ZWE	Zimbabwe	Gross domestic product based on purchasing-power-parity (PPP) per capita GDP	Current international dollar	Units	460.857	2000
ZWE	Zimbabwe	Total investment	Percent of GDP		24.33	2009
ZWE	Zimbabwe	Gross national savings	Percent of GDP		-4.474	2009
ZWE	Zimbabwe	General government gross debt	Percent of GDP		56.57	2010
						
International Monetary Fund, World Economic Outlook Database, October 2012						
